<?xml version="1.0" encoding="UTF-8"?>
<XMLTooling xmlns:xsi="http://www.w3.org/2001/XMLSchema-instance"
 xsi:schemaLocation="http://www.opensaml.org/xmltooling-config ../../src/schema/xmltooling-config.xsd"
 xmlns:paos="urn:liberty:paos:2003-08"
 xmlns="http://www.opensaml.org/xmltooling-config">
 
    <!-- Liberty PAOS Object providers -->
    <ObjectProviders>
        
        <!-- Request -->
        <ObjectProvider qualifiedName="paos:Request">
            <BuilderClass className="org.opensaml.liberty.paos.impl.RequestBuilder" />
            <MarshallingClass className="org.opensaml.liberty.paos.impl.RequestMarshaller" />
            <UnmarshallingClass className="org.opensaml.liberty.paos.impl.RequestUnmarshaller" />
        </ObjectProvider>
        
        <!-- Response -->
        <ObjectProvider qualifiedName="paos:Response">
            <BuilderClass className="org.opensaml.liberty.paos.impl.ResponseBuilder" />
            <MarshallingClass className="org.opensaml.liberty.paos.impl.ResponseMarshaller" />
            <UnmarshallingClass className="org.opensaml.liberty.paos.impl.ResponseUnmarshaller" />
        </ObjectProvider>
 
    </ObjectProviders>
 </XMLTooling>