<?xml version="1.0" encoding="UTF-8"?>
<md:EntityDescriptor xmlns:md="urn:oasis:names:tc:SAML:2.0:metadata"
                     entityID="springsecuritysaml">
    <md:SPSSODescriptor AuthnRequestsSigned="false" WantAssertionsSigned="false"
                        protocolSupportEnumeration="urn:oasis:names:tc:SAML:2.0:protocol">
        <md:Extensions>
            <idpdisco:DiscoveryResponse xmlns:idpdisco="urn:oasis:names:tc:SAML:profiles:SSO:idp-discovery-protocol"
                                        Binding="urn:oasis:names:tc:SAML:profiles:SSO:idp-discovery-protocol"
                                        Location="http://localhost:8081/spring-security-saml2-sp/saml/login/alias/defaultAlias?disco=true"/>
        </md:Extensions>
        <md:SingleLogoutService Binding="urn:oasis:names:tc:SAML:2.0:bindings:HTTP-POST"
                                Location="http://localhost:8081/spring-security-saml2-sp/saml/SingleLogout/alias/defaultAlias"/>
        <md:SingleLogoutService Binding="urn:oasis:names:tc:SAML:2.0:bindings:HTTP-Redirect"
                                Location="http://localhost:8081/spring-security-saml2-sp/saml/SingleLogout/alias/defaultAlias"/>
        <md:SingleLogoutService Binding="urn:oasis:names:tc:SAML:2.0:bindings:SOAP"
                                Location="http://localhost:8081/spring-security-saml2-sp/saml/SingleLogout/alias/defaultAlias"/>
        <md:NameIDFormat>urn:oasis:names:tc:SAML:1.1:nameid-format:emailAddress</md:NameIDFormat>
        <md:NameIDFormat>urn:oasis:names:tc:SAML:2.0:nameid-format:transient</md:NameIDFormat>
        <md:NameIDFormat>urn:oasis:names:tc:SAML:2.0:nameid-format:persistent</md:NameIDFormat>
        <md:NameIDFormat>urn:oasis:names:tc:SAML:1.1:nameid-format:unspecified</md:NameIDFormat>
        <md:NameIDFormat>urn:oasis:names:tc:SAML:1.1:nameid-format:X509SubjectName</md:NameIDFormat>
        <md:AssertionConsumerService Binding="urn:oasis:names:tc:SAML:2.0:bindings:HTTP-POST"
                                     Location="http://localhost:8081/spring-security-saml2-sp/saml/SSO/alias/defaultAlias"
                                     index="0" isDefault="true"/>
        <md:AssertionConsumerService Binding="urn:oasis:names:tc:SAML:2.0:bindings:HTTP-Artifact"
                                     Location="http://localhost:8081/spring-security-saml2-sp/saml/SSO/alias/defaultAlias"
                                     index="1"/>
        <md:AssertionConsumerService Binding="urn:oasis:names:tc:SAML:2.0:bindings:PAOS"
                                     Location="http://localhost:8081/spring-security-saml2-sp/saml/SSO/alias/defaultAlias"
                                     index="2"/>
        <md:AssertionConsumerService Binding="urn:oasis:names:tc:SAML:2.0:profiles:holder-of-key:SSO:browser"
                                     Location="http://localhost:8081/spring-security-saml2-sp/saml/HoKSSO/alias/defaultAlias"
                                     hoksso:ProtocolBinding="urn:oasis:names:tc:SAML:2.0:bindings:HTTP-POST" index="3"
                                     xmlns:hoksso="urn:oasis:names:tc:SAML:2.0:profiles:holder-of-key:SSO:browser"/>
        <md:AssertionConsumerService Binding="urn:oasis:names:tc:SAML:2.0:profiles:holder-of-key:SSO:browser"
                                     Location="http://localhost:8081/spring-security-saml2-sp/saml/HoKSSO/alias/defaultAlias"
                                     hoksso:ProtocolBinding="urn:oasis:names:tc:SAML:2.0:bindings:HTTP-Artifact"
                                     index="4"
                                     xmlns:hoksso="urn:oasis:names:tc:SAML:2.0:profiles:holder-of-key:SSO:browser"/>
    </md:SPSSODescriptor>
</md:EntityDescriptor>